#cm,K,K,K,K,K,K,K,K,K,K,K,K
# r, T_1p0D, T_1p5D, T_2p0D, T_2p5D, T_3p0D, T_3p5D, T_rms_1p0D, T_rms_1p5D, T_rms_2p0D, T_rms_2p5D, T_rms_3p0D, T_rms_3p5D
 -5.0000000E-001, 1.3203019E+003, 1.3985549E+003, 1.3765735E+003, 1.1715176E+003, 9.4432579E+002, 7.6898355E+002, 9.8175957E+001, 1.0589925E+002, 1.9811791E+002, 2.9067604E+002, 2.8017214E+002, 2.3411585E+002
  1.5000000E+000, 1.3421962E+003, 1.4119145E+003, 1.3715293E+003, 1.1231261E+003, 9.0190152E+002, 7.4279369E+002, 9.2202218E+001, 9.2936661E+001, 1.9343944E+002, 3.0767600E+002, 2.8018069E+002, 2.2480408E+002
  3.5000000E+000, 1.2892747E+003, 1.1184410E+003, 9.9652391E+002, 8.5606992E+002, 7.5241322E+002, 6.5588311E+002, 2.5843653E+002, 3.0782117E+002, 3.1894647E+002, 3.1533588E+002, 2.5954069E+002, 2.0402920E+002
  5.5000000E+000, 6.5916489E+002, 6.3197470E+002, 6.1880880E+002, 6.2045291E+002, 5.9358406E+002, 5.5697419E+002, 2.1878892E+002, 2.2801227E+002, 2.4079342E+002, 2.3315282E+002, 2.1023127E+002, 1.7575327E+002
  7.5000000E+000, 3.9742132E+002, 4.1586977E+002, 4.3315269E+002, 4.6576275E+002, 4.7101206E+002, 4.6996488E+002, 9.2691244E+001, 1.2348256E+002, 1.4205876E+002, 1.5002415E+002, 1.4878583E+002, 1.3877578E+002
  9.5000000E+000, 3.1235244E+002, 3.2732000E+002, 3.4597280E+002, 3.7059080E+002, 3.8454742E+002, 3.9326836E+002, 2.6738782E+001, 5.5333627E+001, 7.7807331E+001, 8.7476658E+001, 1.0146531E+002, 1.0043380E+002
  1.1500000E+001, 2.9611243E+002, 2.9982847E+002, 3.0771952E+002, 3.1828032E+002, 3.2750124E+002, 3.3723611E+002, 3.1173236E+000, 1.6342689E+001, 3.5066345E+001, 4.2517359E+001, 5.0472730E+001, 5.9350229E+001
